text,intent
i want to know science courses please,courses
computer science course please,courses
can you tell part time courses in detail,courses
give me professional courses please,courses
give me commerce courses,courses
give me course syllabus now,courses
show me bsc course available,courses
i want to know course eligibility please,courses
provide arts courses now,courses
give me specializations available please,courses
i want to know course duration quickly,courses
show me science courses now,courses
can you tell new courses introduced quickly,courses
specializations available,courses
i want to know computer science course in detail,courses
show me course duration now,courses
provide course syllabus quickly,courses
please certificate courses,courses
can you tell professional courses now,courses
provide professional courses in detail,courses
can you tell engineering branches now,courses
i want to know data science course,courses
provide part time courses,courses
show me courses after 12th,courses
please part time courses now,courses
can you tell diploma courses in detail,courses
can you tell course list please,courses
tell me commerce courses quickly,courses
provide bsc course available,courses
tell me computer science course in detail,courses
give me bsc course available now,courses
give me msc programs,courses
give me subjects offered please,courses
arts courses quickly,courses
please arts courses quickly,courses
show me degree programs now,courses
tell me new courses introduced,courses
show me courses available,courses
provide list all courses now,courses
give me course list quickly,courses
give me part time courses now,courses
give me science courses please,courses
please course duration,courses
please course eligibility quickly,courses
show me new courses introduced,courses
give me new courses introduced please,courses
give me course duration please,courses
tell me engineering branches please,courses
provide list all courses please,courses
give me subjects offered now,courses
tell me msc programs in detail,courses
give me online courses in detail,courses
please programs offered in detail,courses
show me commerce courses quickly,courses
can you tell courses available please,courses
computer science course quickly,courses
can you tell commerce courses in detail,courses
new courses introduced,courses
show me degree programs quickly,courses
give me degree programs quickly,courses
can you tell part time courses quickly,courses
online courses now,courses
programs offered now,courses
please bsc course available in detail,courses
please course eligibility now,courses
give me msc programs in detail,courses
can you tell courses available in detail,courses
i want to know arts courses now,courses
courses after 12th please,courses
tell me bsc course available,courses
tell me professional courses in detail,courses
give me course eligibility please,courses
i want to know engineering branches in detail,courses
provide courses available please,courses
can you tell part time courses please,courses
new courses introduced now,courses
course duration in detail,courses
please course duration in detail,courses
show me msc programs now,courses
give me list all courses please,courses
provide degree programs quickly,courses
can you tell new courses introduced now,courses
show me commerce courses please,courses
please online courses now,courses
can you tell commerce courses now,courses
can you tell course syllabus,courses
can you tell course eligibility now,courses
i want to know bsc course available please,courses
please computer science course in detail,courses
tell me new courses introduced quickly,courses
i want to know data science course now,courses
provide commerce courses quickly,courses
can you tell computer science course quickly,courses
tell me courses available please,courses
can you tell arts courses quickly,courses
i want to know arts courses quickly,courses
provide course eligibility now,courses
bsc course available,courses
provide courses after 12th,courses
tell me commerce courses in detail,courses
please msc programs now,courses
part time courses quickly,courses
show me part time courses now,courses
can you tell course duration please,courses
provide computer science course please,courses
give me degree programs,courses
i want to know diploma courses in detail,courses
give me guest lecture quickly,events
can you tell science exhibition now,events
i want to know event updates quickly,events
show me club activities please,events
i want to know club activities quickly,events
please guest lecture now,events
hackathon quickly,events
tell me event announcements in detail,events
please club activities in detail,events
tell me orientation program now,events
club activities,events
show me cultural fest in detail,events
show me club activities in detail,events
can you tell webinar sessions in detail,events
give me workshop details,events
tell me workshop details please,events
show me seminar schedule now,events
provide science exhibition please,events
can you tell event announcements now,events
provide event registration now,events
please festival events now,events
please science exhibition quickly,events
tell me webinar sessions quickly,events
tell me seminar schedule quickly,events
show me college fest quickly,events
provide cultural fest quickly,events
please guest lecture please,events
i want to know event posters,events
provide event calendar,events
give me student council events in detail,events
please student council events quickly,events
give me alumni meet quickly,events
please upcoming events in detail,events
i want to know festival events please,events
provide event updates quickly,events
please hackathon please,events
college fest in detail,events
show me webinar sessions now,events
provide webinar sessions now,events
event registration in detail,events
i want to know seminar schedule please,events
please webinar sessions please,events
i want to know project expo in detail,events
i want to know guest lecture now,events
cultural fest,events
can you tell club activities now,events
event calendar now,events
project expo quickly,events
show me project expo now,events
provide science exhibition,events
club activities now,events
give me club activities now,events
show me event updates,events
please science exhibition please,events
hackathon in detail,events
show me club activities now,events
can you tell project expo,events
tell me workshop details quickly,events
show me freshers party please,events
show me college fest now,events
can you tell event posters in detail,events
workshop details quickly,events
can you tell hackathon,events
tell me event updates in detail,events
please alumni meet please,events
can you tell festival events in detail,events
upcoming events please,events
tell me event posters in detail,events
i want to know freshers party please,events
can you tell event updates now,events
can you tell festival events,events
give me technical events in detail,events
give me event posters in detail,events
i want to know sports events now,events
provide technical events quickly,events
provide event updates in detail,events
give me sports events in detail,events
give me sports events please,events
i want to know alumni meet quickly,events
show me event calendar,events
i want to know college fest in detail,events
tell me hackathon now,events
show me college fest please,events
can you tell college fest,events
tell me project expo,events
can you tell event calendar in detail,events
please hackathon quickly,events
tell me cultural fest,events
give me cultural fest,events
event updates please,events
event announcements please,events
please orientation program,events
show me event calendar in detail,events
give me cultural fest now,events
festival events please,events
provide guest lecture,events
give me project expo please,events
show me project expo in detail,events
please orientation program quickly,events
please event registration now,events
please club activities,events
please festival events quickly,events
i want to know supplementary exams quickly,exams
provide viva exam now,exams
tell me exam duration now,exams
tell me exam date please,exams
tell me exam registration please,exams
tell me exam duration,exams
i want to know supplementary exams now,exams
provide exam schedule,exams
re exam details,exams
tell me exam timetable released please,exams
give me re exam details please,exams
can you tell exam notification please,exams
show me check exam schedule,exams
give me internal exams please,exams
i want to know exam duration quickly,exams
i want to know check exam schedule quickly,exams
show me exam schedule please,exams
provide semester exam date,exams
i want to know exam duration now,exams
show me exam timetable released in detail,exams
can you tell hall ticket release now,exams
exam updates,exams
give me papers this semester,exams
provide practical exams quickly,exams
show me final exams in detail,exams
tell me exam center details in detail,exams
show me hall ticket release please,exams
give me exam registration in detail,exams
exam updates in detail,exams
tell me exam postponed now,exams
give me midterm exam please,exams
give me check exam schedule quickly,exams
provide exam postponed in detail,exams
can you tell internal exams please,exams
tell me internal exams quickly,exams
tell me check exam schedule,exams
please supplementary exams,exams
can you tell number of exams now,exams
please exam updates in detail,exams
please exam rules quickly,exams
give me exam notification now,exams
show me exam updates please,exams
show me internal exams now,exams
can you tell semester exam date in detail,exams
show me hall ticket release in detail,exams
give me exam schedule please,exams
give me supplementary exams please,exams
hall ticket release in detail,exams
show me viva exam quickly,exams
show me exam schedule now,exams
i want to know semester exam date now,exams
show me exam center details please,exams
can you tell exam center details please,exams
show me exam pattern now,exams
show me exam rules,exams
please number of exams,exams
exam updates please,exams
i want to know exam rules please,exams
give me exam form last date,exams
show me exam notification please,exams
please exam timetable released now,exams
tell me exam postponed please,exams
tell me papers this semester in detail,exams
give me exam pattern quickly,exams
please exam date quickly,exams
exam instructions quickly,exams
i want to know exam center details now,exams
show me exam postponed,exams
give me viva exam now,exams
give me exam duration now,exams
can you tell papers this semester in detail,exams
tell me final exams in detail,exams
provide exam form last date quickly,exams
tell me exam updates in detail,exams
i want to know internal exams now,exams
tell me midterm exam quickly,exams
can you tell exam instructions quickly,exams
tell me midterm exam now,exams
provide exam date now,exams
please exam registration please,exams
please check exam schedule now,exams
viva exam now,exams
can you tell papers this semester please,exams
exam duration,exams
i want to know exam rules in detail,exams
can you tell final exams please,exams
show me hall ticket release now,exams
please midterm exam,exams
give me exam date quickly,exams
can you tell exam timetable released now,exams
give me re exam details now,exams
i want to know exam center details in detail,exams
can you tell exam date quickly,exams
please number of exams please,exams
can you tell number of exams please,exams
tell me internal exams please,exams
show me exam instructions now,exams
i want to know exam updates now,exams
provide supplementary exams in detail,exams
provide number of exams now,exams
please viva exam quickly,exams
i want to know exam rules,exams
show me principal name now,faculty_details
provide faculty office timing in detail,faculty_details
tell me assistant professors,faculty_details
please class teacher now,faculty_details
tell me faculty office timing,faculty_details
provide department staff,faculty_details
assistant professors,faculty_details
i want to know faculty contact please,faculty_details
tell me teacher phone number quickly,faculty_details
can you tell hod name in detail,faculty_details
can you tell faculty information quickly,faculty_details
can you tell faculty profile in detail,faculty_details
i want to know hod name please,faculty_details
i want to know teacher details please,faculty_details
i want to know faculty information now,faculty_details
tell me faculty information,faculty_details
give me hod name quickly,faculty_details
department staff please,faculty_details
faculty profile,faculty_details
give me staff info in detail,faculty_details
can you tell teacher details quickly,faculty_details
provide staff info now,faculty_details
tell me hod name now,faculty_details
please faculty information now,faculty_details
provide faculty information now,faculty_details
show me faculty availability quickly,faculty_details
i want to know department staff now,faculty_details
please professor list,faculty_details
teacher details in detail,faculty_details
tell me lab instructor,faculty_details
i want to know mentor details now,faculty_details
can you tell subject teacher,faculty_details
subject teacher,faculty_details
give me teacher phone number,faculty_details
show me hod name quickly,faculty_details
faculty list,faculty_details
please principal name now,faculty_details
tell me class teacher now,faculty_details
faculty office timing quickly,faculty_details
faculty list quickly,faculty_details
show me staff info quickly,faculty_details
tell me staff info now,faculty_details
principal name,faculty_details
course coordinator now,faculty_details
who teaches subject please,faculty_details
provide professor list quickly,faculty_details
give me staff info,faculty_details
can you tell hod name please,faculty_details
please faculty availability now,faculty_details
faculty room number now,faculty_details
give me teacher details,faculty_details
show me faculty list please,faculty_details
tell me department staff,faculty_details
provide assistant professors in detail,faculty_details
tell me professor list,faculty_details
tell me lab instructor please,faculty_details
can you tell guest faculty in detail,faculty_details
can you tell faculty list,faculty_details
show me guest faculty now,faculty_details
i want to know teacher email,faculty_details
please lab instructor in detail,faculty_details
tell me class teacher,faculty_details
principal name in detail,faculty_details
provide faculty qualification please,faculty_details
tell me professor list quickly,faculty_details
show me faculty office timing,faculty_details
provide mentor details quickly,faculty_details
show me faculty availability please,faculty_details
tell me teacher details now,faculty_details
give me teacher phone number please,faculty_details
i want to know faculty list in detail,faculty_details
tell me subject teacher quickly,faculty_details
please faculty information quickly,faculty_details
tell me guest faculty in detail,faculty_details
please teacher details now,faculty_details
tell me faculty office timing quickly,faculty_details
who teaches subject in detail,faculty_details
provide course coordinator now,faculty_details
show me hod name in detail,faculty_details
tell me faculty room number quickly,faculty_details
can you tell department staff,faculty_details
give me faculty qualification quickly,faculty_details
i want to know faculty room number,faculty_details
please who teaches subject please,faculty_details
tell me faculty availability now,faculty_details
can you tell faculty qualification quickly,faculty_details
provide assistant professors please,faculty_details
please mentor details now,faculty_details
i want to know department staff quickly,faculty_details
can you tell staff info now,faculty_details
give me teacher email in detail,faculty_details
i want to know faculty room number now,faculty_details
please faculty availability quickly,faculty_details
fee for current academic year quickly,fees
registration fee,fees
i want to know admission fee details,fees
i want to know fee payment deadline,fees
first year fee in detail,fees
show me fee payment deadline,fees
provide first year fee,fees
show me total course fee please,fees
please download fee receipt quickly,fees
i want to know exam fee amount,fees
give me yearly fee,fees
please first year fee in detail,fees
please download fee receipt please,fees
give me registration fee in detail,fees
show me download fee receipt now,fees
installments for fees please,fees
please late fee penalty please,fees
tell me total course fee,fees
late fee penalty in detail,fees
exam fee amount now,fees
i want to know extra charges in fee,fees
extra charges in fee please,fees
can you tell lab fee charges now,fees
show me pay fees online please,fees
show me hostel charges in detail,fees
provide fee concession options quickly,fees
give me semester fee amount in detail,fees
provide late fee penalty quickly,fees
tell me where to pay fees quickly,fees
i want to know late fee penalty,fees
tell me pay fees online now,fees
i want to know fee concession options quickly,fees
provide what is fee structure in detail,fees
exam fee amount please,fees
give me what is fee structure in detail,fees
check fee status,fees
provide library fee details in detail,fees
please fee payment deadline now,fees
give me pay fees online now,fees
please admission fee details in detail,fees
i want to know admission fee details please,fees
provide fee concession options,fees
please download fee receipt in detail,fees
i want to know library fee details please,fees
can you tell download fee receipt quickly,fees
transport fee included in detail,fees
please registration fee now,fees
please extra charges in fee quickly,fees
tell me admission fee details quickly,fees
tell me check fee status quickly,fees
i want to know fee for current academic year now,fees
provide what is fee structure,fees
please fee payment deadline in detail,fees
can you tell pay fees online now,fees
tell me total course fee quickly,fees
i want to know mess fee details in detail,fees
please yearly fee please,fees
provide what is fee structure please,fees
give me registration fee,fees
provide refund policy for fees now,fees
can you tell hostel charges in detail,fees
please late fee penalty in detail,fees
extra charges in fee in detail,fees
please registration fee quickly,fees
provide fee payment deadline please,fees
show me admission fee details now,fees
provide extra charges in fee please,fees
i want to know fee concession options please,fees
show me hostel charges now,fees
tell me hostel charges,fees
provide semester fee amount please,fees
can you tell lab fee charges please,fees
tell me fee payment deadline please,fees
provide first year fee quickly,fees
show me yearly fee,fees
can you tell exam fee amount quickly,fees
please late fee penalty quickly,fees
show me transport fee included,fees
please admission fee details now,fees
exam fee amount,fees
tell me extra charges in fee quickly,fees
lab fee charges,fees
provide check fee status now,fees
admission fee details please,fees
tell me exam fee amount quickly,fees
i want to know admission fee details quickly,fees
can you tell registration fee please,fees
please exam fee amount please,fees
show me lab fee charges now,fees
can you tell mess fee details in detail,fees
give me semester fee amount,fees
can you tell check fee status please,fees
please hostel location in detail,hostel_info
please hostel fee quickly,hostel_info
tell me security hostel,hostel_info
show me hostel availability,hostel_info
show me hostel allotment now,hostel_info
please security hostel,hostel_info
tell me hostel fee please,hostel_info
hostel admission in detail,hostel_info
i want to know hostel allotment now,hostel_info
show me warden contact in detail,hostel_info
give me food quality quickly,hostel_info
can you tell wifi hostel quickly,hostel_info
show me food quality quickly,hostel_info
i want to know boys hostel in detail,hostel_info
please security hostel now,hostel_info
i want to know ac rooms now,hostel_info
provide hostel facilities now,hostel_info
can you tell hostel application form in detail,hostel_info
can you tell boys hostel in detail,hostel_info
hostel fee now,hostel_info
can you tell hostel documents in detail,hostel_info
food quality now,hostel_info
i want to know mess timing,hostel_info
can you tell hostel admission quickly,hostel_info
security hostel quickly,hostel_info
show me drinking water hostel now,hostel_info
i want to know hostel timing please,hostel_info
tell me boys hostel in detail,hostel_info
hostel location quickly,hostel_info
show me ac rooms,hostel_info
give me hostel admission,hostel_info
tell me hostel availability,hostel_info
please apply hostel quickly,hostel_info
provide hostel admission,hostel_info
show me hostel timing quickly,hostel_info
tell me mess timing please,hostel_info
i want to know hostel admission in detail,hostel_info
provide laundry service,hostel_info
give me hostel availability quickly,hostel_info
please boys hostel,hostel_info
tell me study room hostel,hostel_info
hostel timing in detail,hostel_info
laundry service now,hostel_info
can you tell boys hostel quickly,hostel_info
give me wifi hostel quickly,hostel_info
can you tell hostel rules in detail,hostel_info
can you tell warden contact,hostel_info
i want to know girls hostel now,hostel_info
provide study room hostel,hostel_info
provide wifi hostel quickly,hostel_info
please warden contact in detail,hostel_info
give me hostel availability in detail,hostel_info
please hostel timing in detail,hostel_info
study room hostel please,hostel_info
tell me hostel location now,hostel_info
give me laundry service now,hostel_info
provide room sharing in detail,hostel_info
i want to know hostel location,hostel_info
provide hostel facilities,hostel_info
show me ac rooms please,hostel_info
mess timing please,hostel_info
provide study room hostel please,hostel_info
can you tell visitor rules now,hostel_info
please food quality now,hostel_info
tell me visitor rules in detail,hostel_info
provide hostel admission in detail,hostel_info
tell me hostel fee now,hostel_info
hostel rules please,hostel_info
i want to know hostel fee quickly,hostel_info
i want to know boys hostel now,hostel_info
i want to know hostel allotment in detail,hostel_info
study room hostel quickly,hostel_info
give me laundry service,hostel_info
ac rooms in detail,hostel_info
provide hostel facilities quickly,hostel_info
please drinking water hostel please,hostel_info
hostel facilities,hostel_info
please boys hostel please,hostel_info
can you tell hostel allotment now,hostel_info
provide mess timing in detail,hostel_info
give me security hostel quickly,hostel_info
tell me laundry service please,hostel_info
please apply hostel now,hostel_info
provide apply hostel please,hostel_info
provide drinking water hostel in detail,hostel_info
please hostel admission quickly,hostel_info
visitor rules,hostel_info
tell me room sharing,hostel_info
give me wifi hostel,hostel_info
provide mess details please,hostel_info
i want to know girls hostel in detail,hostel_info
tell me mess details please,hostel_info
please mess details now,hostel_info
please room sharing please,hostel_info
can you tell room sharing,hostel_info
show me food quality,hostel_info
i want to know hostel fee please,hostel_info
can you tell placement preparation please,placement_info
show me placement statistics quickly,placement_info
provide alumni placement,placement_info
please highest package in detail,placement_info
placement support now,placement_info
tell me average package please,placement_info
show me coding test placement now,placement_info
can you tell resume submission in detail,placement_info
tell me internship opportunities,placement_info
internship opportunities quickly,placement_info
i want to know off campus placement please,placement_info
provide placement rounds now,placement_info
tell me placement preparation quickly,placement_info
can you tell placement cell please,placement_info
give me placement preparation now,placement_info
show me highest package quickly,placement_info
career guidance quickly,placement_info
give me placement schedule in detail,placement_info
please campus recruitment,placement_info
please career guidance now,placement_info
can you tell companies visiting,placement_info
provide placement eligibility quickly,placement_info
please off campus placement please,placement_info
show me resume submission quickly,placement_info
give me placement details quickly,placement_info
give me placement eligibility in detail,placement_info
tell me placement preparation please,placement_info
can you tell internship opportunities quickly,placement_info
give me placement details in detail,placement_info
i want to know coding test placement quickly,placement_info
can you tell placement process please,placement_info
please resume submission now,placement_info
give me coding test placement in detail,placement_info
please placement drive,placement_info
give me campus recruitment in detail,placement_info
i want to know placement cell,placement_info
can you tell coding test placement please,placement_info
can you tell placement drive now,placement_info
give me alumni placement now,placement_info
show me career guidance in detail,placement_info
i want to know placement rounds in detail,placement_info
give me placement rounds in detail,placement_info
can you tell placement rounds please,placement_info
can you tell placement support quickly,placement_info
industry tie ups now,placement_info
please placement support,placement_info
i want to know industry tie ups in detail,placement_info
please placement details please,placement_info
can you tell placement schedule,placement_info
tell me coding test placement please,placement_info
provide placement process quickly,placement_info
alumni placement in detail,placement_info
tell me alumni placement in detail,placement_info
show me placement report in detail,placement_info
i want to know career guidance now,placement_info
please industry tie ups quickly,placement_info
provide placement cell in detail,placement_info
i want to know coding test placement in detail,placement_info
tell me companies visiting now,placement_info
give me job roles offered please,placement_info
off campus placement in detail,placement_info
tell me average package in detail,placement_info
i want to know placement rounds now,placement_info
provide placement rounds quickly,placement_info
provide resume submission,placement_info
job roles offered in detail,placement_info
please placement eligibility now,placement_info
provide highest package,placement_info
tell me average package quickly,placement_info
please placement eligibility quickly,placement_info
tell me placement process,placement_info
can you tell placement percentage,placement_info
show me placement preparation quickly,placement_info
tell me placement schedule now,placement_info
provide industry tie ups in detail,placement_info
tell me placement report,placement_info
companies visiting now,placement_info
tell me placement training quickly,placement_info
give me career guidance quickly,placement_info
can you tell placement drive quickly,placement_info
can you tell industry tie ups,placement_info
i want to know average package,placement_info
placement process please,placement_info
provide placement percentage now,placement_info
can you tell resume submission please,placement_info
tell me placement training,placement_info
coding test placement quickly,placement_info
can you tell highest package please,placement_info
i want to know alumni placement please,placement_info
give me companies visiting please,placement_info
show me placement schedule,placement_info
show me placement eligibility,placement_info
give me placement statistics please,placement_info
tell me average package now,placement_info
provide result date please,results
provide result portal now,results
i want to know supplementary result now,results
show me result pdf please,results
show me check result quickly,results
i want to know result updates in detail,results
please merit list now,results
can you tell grade card quickly,results
please revaluation result please,results
tell me check result in detail,results
provide result errors now,results
give me result pdf now,results
please revaluation result,results
can you tell result summary now,results
give me merit list in detail,results
can you tell final result please,results
give me subject marks quickly,results
provide marks distribution quickly,results
give me check result,results
tell me grade card in detail,results
tell me result portal in detail,results
tell me merit list quickly,results
give me result errors please,results
subject marks,results
give me result updates,results
give me check result please,results
provide marks distribution please,results
provide download marksheet quickly,results
give me grade card now,results
please exam result details,results
show me result pdf,results
grade card now,results
download marksheet quickly,results
i want to know result correction quickly,results
can you tell results declared now,results
please semester result quickly,results
tell me result portal now,results
show me result updates now,results
result portal,results
can you tell result login quickly,results
tell me result updates quickly,results
show me results declared please,results
please check result please,results
give me result date in detail,results
tell me final result please,results
can you tell marks distribution please,results
tell me results declared quickly,results
provide result correction in detail,results
please exam result details please,results
can you tell revaluation result in detail,results
final result in detail,results
give me result summary,results
can you tell rank list,results
provide cgpa check,results
provide result updates in detail,results
tell me print result,results
give me result date now,results
can you tell result updates quickly,results
provide result login please,results
show me grade card in detail,results
please semester result now,results
give me result login now,results
i want to know provisional marksheet now,results
provide results declared now,results
provide result correction please,results
tell me print result please,results
show me print result in detail,results
show me result errors quickly,results
provide result correction now,results
provide grade card,results
show me subject marks please,results
i want to know exam result details please,results
show me result errors,results
give me cgpa check please,results
show me exam result details please,results
show me supplementary result,results
show me result portal now,results
show me print result now,results
please result date now,results
provide result updates quickly,results
provide result portal quickly,results
i want to know marks distribution in detail,results
i want to know print result please,results
can you tell download marksheet please,results
i want to know rank list now,results
provide rank list in detail,results
can you tell result portal please,results
result summary in detail,results
please cgpa check,results
provide result login in detail,results
rank list,results
show me result updates,results
i want to know final result quickly,results
i want to know result summary in detail,results
i want to know exam result details now,results
please scholarship benefits,scholarships
give me sports scholarship quickly,scholarships
provide available scholarships in detail,scholarships
provide documents scholarship now,scholarships
show me scholarship deadline,scholarships
provide scholarship amount please,scholarships
merit scholarship in detail,scholarships
provide available scholarships now,scholarships
girls scholarship in detail,scholarships
can you tell government scholarship now,scholarships
provide sports scholarship in detail,scholarships
please available scholarships quickly,scholarships
available scholarships,scholarships
can you tell scholarship form in detail,scholarships
can you tell available scholarships quickly,scholarships
show me scholarship rejection now,scholarships
tell me academic scholarship in detail,scholarships
provide scholarship status please,scholarships
show me merit scholarship now,scholarships
i want to know documents scholarship now,scholarships
give me rank scholarship now,scholarships
give me scholarship status quickly,scholarships
apply scholarship quickly,scholarships
can you tell girls scholarship in detail,scholarships
apply scholarship please,scholarships
tell me sports scholarship,scholarships
provide scholarship benefits quickly,scholarships
show me scholarship benefits quickly,scholarships
i want to know need based scholarship in detail,scholarships
please rank scholarship please,scholarships
provide scholarship eligibility in detail,scholarships
show me rank scholarship,scholarships
please renew scholarship quickly,scholarships
show me scholarship deadline now,scholarships
sports scholarship,scholarships
give me available scholarships please,scholarships
please scholarship form now,scholarships
show me scholarship benefits now,scholarships
i want to know documents scholarship,scholarships
provide scholarship amount in detail,scholarships
give me scholarship amount please,scholarships
tell me scholarship rejection please,scholarships
please fee waiver in detail,scholarships
can you tell academic scholarship in detail,scholarships
give me apply scholarship in detail,scholarships
documents scholarship quickly,scholarships
i want to know girls scholarship quickly,scholarships
show me merit scholarship in detail,scholarships
scholarship form quickly,scholarships
i want to know minority scholarship quickly,scholarships
please scholarship schemes quickly,scholarships
i want to know girls scholarship now,scholarships
provide need based scholarship please,scholarships
provide scholarship rejection now,scholarships
can you tell scholarship deadline,scholarships
tell me sports scholarship in detail,scholarships
show me scholarship amount quickly,scholarships
tell me minority scholarship please,scholarships
can you tell sports scholarship in detail,scholarships
i want to know fee waiver please,scholarships
provide renew scholarship quickly,scholarships
give me scholarship form in detail,scholarships
please sports scholarship now,scholarships
i want to know girls scholarship please,scholarships
show me minority scholarship,scholarships
please scholarship deadline now,scholarships
i want to know financial aid in detail,scholarships
give me sports scholarship now,scholarships
provide apply scholarship quickly,scholarships
provide scholarship status,scholarships
provide scholarship rejection in detail,scholarships
show me fee waiver quickly,scholarships
please minority scholarship in detail,scholarships
give me scholarship benefits quickly,scholarships
can you tell rank scholarship,scholarships
show me topper scholarship please,scholarships
can you tell apply scholarship quickly,scholarships
provide scholarship deadline please,scholarships
can you tell merit scholarship now,scholarships
scholarship status in detail,scholarships
tell me rank scholarship,scholarships
tell me girls scholarship please,scholarships
give me scholarship status,scholarships
i want to know scholarship process quickly,scholarships
give me apply scholarship quickly,scholarships
please scholarship deadline in detail,scholarships
merit scholarship quickly,scholarships
tell me rank scholarship please,scholarships
show me available scholarships now,scholarships
give me sports scholarship in detail,scholarships
give me merit scholarship now,scholarships
please documents scholarship please,scholarships
tell me scholarship benefits now,scholarships
provide sports scholarship please,scholarships
i want to know need based scholarship quickly,scholarships
show me topper scholarship now,scholarships
sports scholarship please,scholarships
scholarship benefits please,scholarships
show me documents scholarship quickly,scholarships
tell me scholarship schemes now,scholarships
scholarship amount in detail,scholarships
please semester timetable in detail,timetable
updated timetable please,timetable
can you tell download timetable please,timetable
semester timetable in detail,timetable
can you tell classes start time please,timetable
give me classes today quickly,timetable
provide semester timetable,timetable
give me weekly timetable please,timetable
can you tell morning classes in detail,timetable
provide holiday schedule quickly,timetable
todays schedule in detail,timetable
tell me semester timetable,timetable
i want to know lab schedule please,timetable
give me department timetable please,timetable
semester timetable,timetable
provide holiday schedule please,timetable
give me department timetable quickly,timetable
tell me teacher timetable,timetable
show me lab schedule in detail,timetable
tell me updated timetable in detail,timetable
show me room schedule,timetable
tell me lab schedule please,timetable
evening classes in detail,timetable
exam timetable quickly,timetable
show me classes today in detail,timetable
can you tell classes today in detail,timetable
can you tell teacher timetable in detail,timetable
please classes start time,timetable
can you tell holiday schedule in detail,timetable
provide download timetable,timetable
class timetable quickly,timetable
practical timetable in detail,timetable
show me evening classes in detail,timetable
tell me timetable online in detail,timetable
show me download timetable now,timetable
give me shift timing,timetable
can you tell schedule changes,timetable
give me download timetable now,timetable
provide classes today please,timetable
can you tell exam timetable,timetable
provide lecture timing,timetable
tell me free periods please,timetable
show me lecture timing in detail,timetable
can you tell lab schedule now,timetable
can you tell room schedule please,timetable
tell me teacher timetable in detail,timetable
show me class timetable,timetable
show me updated timetable quickly,timetable
provide lab schedule quickly,timetable
tell me weekly timetable,timetable
show me holiday schedule now,timetable
classes start time,timetable
give me room schedule please,timetable
can you tell lecture timing please,timetable
show me lecture timing quickly,timetable
tell me schedule changes quickly,timetable
show me evening classes quickly,timetable
free periods please,timetable
provide department timetable quickly,timetable
i want to know room schedule now,timetable
i want to know todays schedule in detail,timetable
show me room schedule now,timetable
please holiday schedule,timetable
show me exam timetable please,timetable
i want to know exam timetable,timetable
updated timetable,timetable
tell me room schedule now,timetable
can you tell morning classes please,timetable
give me weekly timetable now,timetable
please timetable online in detail,timetable
can you tell download timetable,timetable
please todays schedule quickly,timetable
please download timetable in detail,timetable
show me exam timetable in detail,timetable
i want to know semester timetable now,timetable
can you tell classes today quickly,timetable
tell me department timetable now,timetable
i want to know class timings now,timetable
please holiday schedule quickly,timetable
show me updated timetable now,timetable
tell me shift timing quickly,timetable
please weekly timetable quickly,timetable
can you tell teacher timetable quickly,timetable
please todays schedule now,timetable
please practical timetable,timetable
please department timetable,timetable
tell me holiday schedule,timetable
can you tell teacher timetable now,timetable
give me classes start time quickly,timetable
provide class timetable in detail,timetable
lab schedule quickly,timetable
give me todays schedule,timetable
provide exam timetable quickly,timetable
provide class timetable please,timetable
i want to know holiday schedule quickly,timetable
timetable online in detail,timetable
free periods,timetable
show me todays schedule in detail,timetable
tell me classes start time now,timetable
schedule changes please,timetable
classes today in detail,timetable
show me updated timetable in detail,timetable
tell me classes today please,timetable
give me semester timetable,timetable
show me updated timetable,timetable
can you tell lab schedule in detail,timetable
give me lecture timing in detail,timetable
give me weekly timetable in detail,timetable
provide practical timetable please,timetable
i want to know practical timetable,timetable
tell me updated timetable now,timetable
show me download timetable in detail,timetable
can you tell first lecture time quickly,timetable
please classes today please,timetable
i want to know shift timing now,timetable
provide show timetable,timetable
